TH?I GIAN 	MÃ L?NH 	MÃ ITEM 	QRCODE 	T?/TRUY?N 	MÁY 	CÔNG NHÂN 	TR?NG THÁI 	L?I 
"10:08
10/08/2026"	 LSX0626/1886	Dòng PCR	21064101*P020726N022005	T? 1 (Truy?n 1)	SRLH-01	V? Ng?c Khoa	??t	-
"10:08
10/08/2026"	 LSX0625/1010	Dòng PCR	21062811*P030525N052144	T? 1 (Truy?n 2)	SRLH-03	?ào H?u Minh Tính	??t	-
"07:08
10/08/2026"	 LSX0626/8949	Dòng PCR	21062851*P090426N022092	T? 1 (Truy?n 3)	SRLH-04	Nguy?n Th? Thùy Duyên	??t	-
"07:08
10/08/2026"	 LSX0624/2603	Dòng PCR	21062821*P131124N084089	T? 1 (Truy?n 4)	SRLH-05	Nguy?n Qu?c Nam	??t	-
"07:08
10/08/2026"	 LSX0624/0036	Dòng PCR	21062781*P200224D022098	T? 1 (Truy?n 1)	SRLH-06	?oàn Hoàng Tùng	??t	-
"07:08
10/08/2026"	 LSX0622/0489	Dòng PCR	21062701*P180322D094284	T? 1 (Truy?n 2)	SRLH-07	?? Nguy?n Ph??ng Ng?c	??t	-
"07:08
10/08/2026"	 LSX0621/4556	Dòng PCR	21061201*P080122N032065	T? 1 (Truy?n 3)	SRLH-08	Nguy?n Phúc B?o Duy	??t	-
"07:08
10/08/2026"	 LSX0622/2634	Dòng PCR	21062701*P241022D114255	T? 1 (Truy?n 4)	SRLH-12	Nguy?n ?ình Phú	??t	-
"07:08
10/08/2026"	 LSX0622/2634	Dòng PCR	21062701*P180322D094284	T? 1 (Truy?n 2)	SRLH-01	Nguy?n Th? Thùy Duyên	??t	-
"07:08
10/08/2026"	 LSX0626/8949	Dòng PCR	21062811*P030525N052144	T? 1 (Truy?n 4)	SRLH-07	?ào H?u Minh Tính	??t	-
"07:08
10/08/2026"	 LSX0625/1010	Dòng PCR	21062701*P180322D094284	T? 1 (Truy?n 2)	SRLH-12	?ào H?u Minh Tính	??t	-
"07:08
10/08/2026"	 LSX0624/2603	Dòng PCR	21062821*P131124N084089	T? 1 (Truy?n 4)	SRLH-08	Nguy?n Phúc B?o Duy	??t	-
"10:08
10/08/2026"	 LSX0624/0036	Dòng PCR	21064101*P020726N022005	T? 1 (Truy?n 2)	SRLH-04	Nguy?n Th? Thùy Duyên	??t	-
"10:08
10/08/2026"	 LSX0622/0489	Dòng PCR	21062701*P241022D114255	T? 1 (Truy?n 1)	SRLH-05	Nguy?n Th? Thùy Duyên	??t	-
"07:08
10/08/2026"	 LSX0626/8949	Dòng PCR	21062811*P030525N052144	T? 1 (Truy?n 2)	SRLH-06	Nguy?n ?ình Phú	??t	-
"07:08
10/08/2026"	 LSX0622/2634	Dòng PCR	21062781*P200224D022098	T? 1 (Truy?n 3)	SRLH-03	?ào H?u Minh Tính	??t	-
"10:08
10/08/2026"	 LSX0624/0036	Dòng PCR	21062811*P030525N052144	T? 1 (Truy?n 4)	SRLH-04	Nguy?n ?ình Phú	??t	-
"07:08
10/08/2026"	 LSX0626/8949	Dòng PCR	21062701*P241022D114255	T? 1 (Truy?n 3)	SRLH-03	Nguy?n ?ình Phú	??t	-
"10:08
10/08/2026"	 LSX0622/2634	Dòng PCR	21062701*P180322D094284	T? 1 (Truy?n 4)	SRLH-12	?oàn Hoàng Tùng	??t	-
"07:08
10/08/2026"	 LSX0622/2634	Dòng PCR	21061201*P080122N032065	T? 1 (Truy?n 4)	SRLH-07	?ào H?u Minh Tính	??t	-
"07:08
10/08/2026"	 LSX0624/2603	Dòng PCR	21062821*P131124N084089	T? 1 (Truy?n 4)	SRLH-08	?ào H?u Minh Tính	??t	-
"10:08
10/08/2026"	 LSX0626/1886	Dòng PCR	21062821*P131124N084089	T? 1 (Truy?n 3)	SRLH-08	Nguy?n Th? Thùy Duyên	??t	-
"10:08
10/08/2026"	 LSX0624/0036	Dòng PCR	21062701*P180322D094284	T? 1 (Truy?n 2)	SRLH-12	?oàn Hoàng Tùng	??t	-
"10:08
10/08/2026"	 LSX0624/0036	Dòng PCR	21061201*P080122N032065	T? 1 (Truy?n 2)	SRLH-01	?ào H?u Minh Tính	??t	-
"07:08
10/08/2026"	 LSX0625/1010	Dòng PCR	21061201*P080122N032065	T? 1 (Truy?n 1)	SRLH-12	Nguy?n Qu?c Nam	??t	-
"07:08
10/08/2026"	 LSX0622/0489	Dòng PCR	21064101*P020726N022005	T? 1 (Truy?n 2)	SRLH-01	V? Ng?c Khoa	??t	-
"10:08
10/08/2026"	 LSX0621/4556	Dòng PCR	21062701*P180322D094284	T? 1 (Truy?n 4)	SRLH-05	?oàn Hoàng Tùng	??t	-
"10:08
10/08/2026"	 LSX0626/1886	Dòng PCR	21064101*P020726N022005	T? 1 (Truy?n 2)	SRLH-06	V? Ng?c Khoa	??t	-
